,id,city,lat,lon,dt,sunrise,sunset,moonrise,moonset,moon_phase,temp_day,temp_min,temp_max,temp_night,temp_eve,temp_morn,feels_like_day,feels_like_night,feels_like_eve,feels_like_morn,pressure,humidity,dew_point,wind_speed,wind_deg,wind_gust,weather_id,weather_main,weather_description,weather_icon,clouds,pop,uvi,rain
0,0,Mont Saint Michel,48.6359541,-1.511459954959514,1663671600,1663652971,1663697382,1663629600,1663690860,0.83,15.87,9.12,18.21,11.75,17.71,9.12,14.87,11.28,17.26,8.47,1026,52,6.04,5.46,336,7.4,803,Clouds,broken clouds,04d,51,0.0,3.42,
1,0,Mont Saint Michel,48.6359541,-1.511459954959514,1663758000,1663739454,1663783653,1663719780,1663779120,0.86,19.22,8.98,21.11,12.33,19.51,9.08,18.37,11.86,18.82,7.64,1025,45,6.69,4.12,69,7.48,801,Clouds,few clouds,02d,14,0.0,4.18,
2,0,Mont Saint Michel,48.6359541,-1.511459954959514,1663844400,1663825939,1663869925,1663810320,1663867020,0.89,19.59,9.54,21.67,14.24,19.77,9.86,18.65,13.23,19.03,8.86,1020,40,5.31,3.53,78,5.82,800,Clear,clear sky,01d,9,0.0,3.87,
3,0,Mont Saint Michel,48.6359541,-1.511459954959514,1663930800,1663912423,1663956197,1663900980,1663954560,0.92,20.48,13.08,20.48,14.9,16.54,13.25,19.92,14.72,16.1,12.2,1015,51,9.85,4.45,330,6.43,500,Rain,light rain,10d,99,0.31,2.51,0.38
4,0,Mont Saint Michel,48.6359541,-1.511459954959514,1664017200,1663998907,1664042469,1663991640,1664041980,0.95,18.56,10.94,18.56,10.94,13.78,12.96,18.01,10.44,13.17,12.77,1015,59,10.22,6.87,11,8.56,500,Rain,light rain,10d,43,0.79,3.49,3.94
5,0,Mont Saint Michel,48.6359541,-1.511459954959514,1664103600,1664085392,1664128742,1664082360,1664129340,0.98,20.02,10.51,20.02,12.86,16.1,12.72,19.41,12.45,15.7,12.4,1011,51,9.41,4.85,348,8.98,500,Rain,light rain,10d,39,0.21,4.0,0.13
6,0,Mont Saint Michel,48.6359541,-1.511459954959514,1664190000,1664171876,1664215014,1664173140,1664216640,0.0,17.87,11.59,17.87,14.72,14.04,11.77,17.49,14.39,13.38,11.27,1009,68,11.64,7.53,256,11.95,500,Rain,light rain,10d,100,0.59,4.0,1.14
7,0,Mont Saint Michel,48.6359541,-1.511459954959514,1664276400,1664258361,1664301286,1664264040,1664304060,0.05,13.79,9.35,13.79,11.58,12.14,9.35,12.43,10.26,10.9,6.11,1012,46,2.06,8.09,327,12.43,500,Rain,light rain,10d,87,0.96,4.0,1.87
8,1,St Malo,48.649518,-2.0260409,1663675200,1663653094,1663697505,1663629720,1663690980,0.83,16.76,12.13,17.67,14.83,16.65,12.69,16.19,14.41,16.25,12.08,1026,65,10.15,5.43,59,6.49,804,Clouds,overcast clouds,04d,87,0.0,3.6,
9,1,St Malo,48.649518,-2.0260409,1663761600,1663739578,1663783777,1663719900,1663779240,0.86,18.23,11.86,19.47,15.03,17.44,11.86,17.39,14.57,16.96,11.19,1024,49,7.13,6.01,70,6.9,801,Clouds,few clouds,02d,15,0.0,4.21,
10,1,St Malo,48.649518,-2.0260409,1663848000,1663826062,1663870049,1663810440,1663867140,0.89,19.37,11.82,20.53,16.49,17.89,11.82,18.51,15.76,17.17,10.91,1020,44,6.33,4.41,89,5.28,800,Clear,clear sky,01d,6,0.0,3.91,
11,1,St Malo,48.649518,-2.0260409,1663934400,1663912546,1663956321,1663901100,1663954740,0.92,19.53,15.31,19.53,15.73,16.61,15.31,18.92,15.5,16.36,14.96,1015,53,9.33,5.48,344,6.39,500,Rain,light rain,10d,87,0.63,2.84,1.53
12,1,St Malo,48.649518,-2.0260409,1664020800,1663999031,1664042593,1663991820,1664042100,0.95,16.35,13.97,16.74,13.97,15.27,14.91,15.92,13.38,14.65,14.52,1016,72,11.37,7.84,17,8.8,500,Rain,light rain,10d,71,0.91,3.61,5.4
13,1,St Malo,48.649518,-2.0260409,1664103600,1664085515,1664128865,1664082480,1664129460,0.98,16.86,13.74,17.76,15.33,16.42,13.74,16.38,14.98,16.08,13.28,1012,68,10.94,7.27,13,8.44,500,Rain,light rain,10d,87,0.4,4.0,1.07
14,1,St Malo,48.649518,-2.0260409,1664190000,1664172000,1664215137,1664173260,1664216760,0.0,16.36,14.74,17.32,15.36,16.08,14.81,15.93,15.09,15.44,14.41,1009,72,11.18,9.35,285,12.61,500,Rain,light rain,10d,100,0.68,4.0,3.42
15,1,St Malo,48.649518,-2.0260409,1664276400,1664258485,1664301410,1664264160,1664304180,0.05,13.0,12.0,13.71,13.57,13.1,12.0,11.77,12.29,11.8,11.21,1013,54,3.96,10.82,11,12.8,500,Rain,light rain,10d,99,0.86,4.0,2.77
16,2,Bayeux,49.2764624,-0.7024738,1663671600,1663652765,1663697199,1663629180,1663690860,0.83,14.76,9.84,17.23,12.65,15.81,11.61,13.99,11.9,15.2,10.68,1026,65,8.25,4.9,35,6.05,804,Clouds,overcast clouds,04d,94,0.21,3.13,
17,2,Bayeux,49.2764624,-0.7024738,1663758000,1663739252,1663783468,1663719420,1663779120,0.86,17.62,9.09,17.94,13.12,16.17,9.31,16.87,12.55,15.67,8.13,1025,55,8.51,4.67,50,5.16,801,Clouds,few clouds,02d,11,0.0,4.03,
18,2,Bayeux,49.2764624,-0.7024738,1663844400,1663825738,1663869737,1663809960,1663866900,0.89,19.39,9.61,21.35,13.09,18.5,9.84,18.4,12.07,17.68,8.58,1020,39,4.82,2.9,91,3.29,800,Clear,clear sky,01d,10,0.0,3.53,
19,2,Bayeux,49.2764624,-0.7024738,1663930800,1663912225,1663956007,1663900620,1663954500,0.92,20.52,12.33,20.52,14.4,15.46,12.83,19.93,14.19,15.07,11.87,1015,50,9.65,3.7,346,3.54,500,Rain,light rain,10d,100,0.33,2.78,0.94
20,2,Bayeux,49.2764624,-0.7024738,1664017200,1663998712,1664042277,1663991400,1664041860,0.95,14.8,13.51,15.79,14.16,13.89,13.51,14.4,13.77,13.37,13.34,1015,79,11.3,7.7,3,10.55,500,Rain,light rain,10d,86,0.85,3.48,6.07
21,2,Bayeux,49.2764624,-0.7024738,1664103600,1664085199,1664128546,1664082120,1664129160,0.98,18.26,10.29,18.26,14.93,15.61,10.29,17.68,14.65,15.26,9.83,1012,59,10.04,5.77,358,8.39,500,Rain,light rain,10d,19,0.66,4.0,3.46
22,2,Bayeux,49.2764624,-0.7024738,1664190000,1664171686,1664214816,1664172900,1664216400,0.0,18.16,11.78,18.16,13.97,14.42,11.78,17.62,13.75,13.56,11.39,1007,61,10.53,7.13,267,11.3,500,Rain,light rain,10d,100,0.87,4.0,1.9
23,2,Bayeux,49.2764624,-0.7024738,1664276400,1664258173,1664301086,1664263860,1664303760,0.05,12.13,9.73,12.43,9.93,9.73,10.69,10.94,8.24,7.9,9.88,1011,59,4.24,9.24,6,12.29,500,Rain,light rain,10d,98,1.0,4.0,3.87
24,3,Le Havre,49.4938975,0.1079732,1663671600,1663652567,1663697008,1663628880,1663690740,0.83,16.72,12.94,17.44,14.0,16.03,14.11,16.48,13.28,15.33,13.46,1026,78,12.87,6.02,23,6.86,500,Rain,light rain,10d,36,0.32,3.36,0.24
25,3,Le Havre,49.4938975,0.1079732,1663758000,1663739054,1663783277,1663719120,1663778940,0.86,17.34,11.93,18.39,14.08,17.04,12.03,16.62,13.45,16.44,11.38,1025,57,8.66,6.23,24,6.82,800,Clear,clear sky,01d,9,0.0,4.03,
26,3,Le Havre,49.4938975,0.1079732,1663844400,1663825541,1663869545,1663809720,1663866780,0.89,17.57,12.21,19.68,15.69,18.37,12.45,16.53,14.7,17.62,11.45,1021,44,5.09,4.14,130,5.9,801,Clouds,few clouds,02d,11,0.0,3.37,
27,3,Le Havre,49.4938975,0.1079732,1663930800,1663912029,1663955814,1663900380,1663954320,0.92,17.7,14.81,18.35,16.15,16.63,15.59,16.99,15.7,16.2,14.88,1016,56,8.77,3.97,143,5.21,804,Clouds,overcast clouds,04d,100,0.15,2.9,
28,3,Le Havre,49.4938975,0.1079732,1664017200,1663998516,1664042083,1663991160,1664041680,0.95,17.33,14.53,17.33,14.53,15.44,15.38,16.97,14.21,15.18,15.09,1014,71,11.96,7.41,3,6.35,500,Rain,light rain,10d,85,0.85,3.4,8.16
29,3,Le Havre,49.4938975,0.1079732,1664103600,1664085004,1664128352,1664081940,1664128980,0.98,16.69,12.52,19.53,15.54,16.93,12.52,16.14,15.21,16.64,12.15,1013,66,10.36,5.78,76,7.63,500,Rain,light rain,10d,67,0.9,4.0,1.7
30,3,Le Havre,49.4938975,0.1079732,1664190000,1664171492,1664214621,1664172720,1664216220,0.0,17.26,13.67,17.26,14.72,16.4,14.11,16.84,14.52,15.64,13.69,1007,69,11.27,10.93,237,15.56,500,Rain,light rain,10d,100,0.69,4.0,1.01
31,3,Le Havre,49.4938975,0.1079732,1664276400,1664257980,1664300890,1664263680,1664303580,0.05,12.89,11.58,14.19,12.4,12.32,11.58,11.83,11.13,10.94,10.8,1010,61,5.36,10.02,13,11.75,500,Rain,light rain,10d,86,1.0,4.0,5.4
32,4,Rouen,49.4404591,1.0939658,1663671600,1663652331,1663696771,1663628640,1663690500,0.83,14.42,9.45,18.11,11.79,15.66,10.97,14.01,11.11,14.85,10.21,1024,80,11.02,4.41,9,8.42,500,Rain,light rain,10d,97,0.36,1.41,0.23
33,4,Rouen,49.4404591,1.0939658,1663758000,1663738818,1663783040,1663718880,1663778700,0.86,17.84,8.92,19.57,11.51,17.2,8.93,16.96,10.6,16.36,8.15,1025,49,6.65,3.37,65,7.11,800,Clear,clear sky,01d,5,0.0,3.93,
34,4,Rouen,49.4404591,1.0939658,1663844400,1663825305,1663869309,1663809480,1663866540,0.89,18.75,9.01,20.75,13.37,18.26,9.14,17.75,12.07,17.32,8.59,1021,41,4.69,2.95,132,3.28,800,Clear,clear sky,01d,10,0.0,3.27,
35,4,Rouen,49.4404591,1.0939658,1663930800,1663911792,1663955577,1663900140,1663954080,0.92,20.18,11.12,20.73,13.77,16.42,11.12,19.35,13.42,15.76,9.67,1015,42,6.67,2.25,7,2.51,804,Clouds,overcast clouds,04d,100,0.0,2.65,
36,4,Rouen,49.4404591,1.0939658,1664017200,1663998280,1664041846,1663990920,1664041440,0.95,19.36,12.77,20.63,14.54,15.15,13.57,18.47,14.03,14.65,12.91,1014,43,6.25,3.81,27,8.48,804,Clouds,overcast clouds,04d,98,0.35,3.34,
37,4,Rouen,49.4404591,1.0939658,1664103600,1664084767,1664128116,1664081640,1664128740,0.98,17.82,12.6,20.96,13.16,16.44,12.6,17.12,12.72,15.86,12.08,1012,56,8.61,4.29,71,7.8,500,Rain,light rain,10d,99,0.41,4.0,0.25
38,4,Rouen,49.4404591,1.0939658,1664190000,1664171255,1664214385,1664172480,1664215980,0.0,20.42,10.81,20.42,13.99,14.11,10.81,19.8,13.12,13.67,10.35,1006,49,9.01,6.94,241,14.55,500,Rain,light rain,10d,94,0.34,4.0,0.17
39,4,Rouen,49.4404591,1.0939658,1664276400,1664257743,1664300654,1664263440,1664303340,0.05,13.11,7.33,13.11,7.33,10.7,10.76,11.96,5.9,9.29,10.08,1009,57,4.39,6.52,352,11.24,501,Rain,moderate rain,10d,88,1.0,4.0,6.41
40,5,Paris,48.8588897,2.3200410217200766,1663671600,1663652046,1663696467,1663628580,1663690020,0.83,14.19,11.07,18.05,14.68,17.33,11.07,13.39,13.61,16.4,9.93,1026,66,7.94,3.35,355,7.4,801,Clouds,few clouds,02d,13,0.04,3.83,
41,5,Paris,48.8588897,2.3200410217200766,1663758000,1663738531,1663782738,1663718760,1663778220,0.86,17.77,11.05,20.03,15.13,18.93,11.19,16.7,13.87,17.77,10.27,1025,42,4.67,3.2,55,6.27,801,Clouds,few clouds,02d,12,0.0,3.93,
42,5,Paris,48.8588897,2.3200410217200766,1663844400,1663825016,1663869009,1663809300,1663866120,0.89,19.11,11.58,21.62,16.32,20.47,11.69,17.96,14.95,19.28,10.38,1021,34,2.76,2.73,97,4.04,800,Clear,clear sky,01d,5,0.0,3.33,
43,5,Paris,48.8588897,2.3200410217200766,1663930800,1663911501,1663955280,1663899960,1663953660,0.92,20.73,13.07,21.53,18.03,19.41,13.07,19.59,16.78,18.22,11.69,1016,28,1.36,1.51,98,2.7,804,Clouds,overcast clouds,04d,100,0.0,3.14,
44,5,Paris,48.8588897,2.3200410217200766,1664017200,1663997986,1664041552,1663990680,1664041080,0.95,22.37,14.35,23.48,18.73,20.72,14.35,21.34,17.62,19.66,12.99,1014,26,2.05,1.68,107,4.68,803,Clouds,broken clouds,04d,67,0.0,3.5,
45,5,Paris,48.8588897,2.3200410217200766,1664103600,1664084472,1664127823,1664081400,1664128440,0.98,19.65,15.54,21.48,17.77,19.28,15.54,18.85,17.3,18.7,14.59,1012,45,7.18,2.41,61,5.52,500,Rain,light rain,10d,84,0.29,4.0,0.47
46,5,Paris,48.8588897,2.3200410217200766,1664190000,1664170957,1664214094,1664172180,1664215740,0.0,21.86,15.05,21.93,16.43,20.03,15.05,21.17,15.83,19.21,14.75,1006,41,8.02,3.95,258,7.55,500,Rain,light rain,10d,51,0.37,4.0,1.18
47,5,Paris,48.8588897,2.3200410217200766,1664276400,1664257443,1664300366,1664263080,1664303100,0.05,12.29,11.68,15.69,12.34,12.67,11.86,11.38,10.96,11.51,11.29,1008,69,6.59,5.03,327,11.52,501,Rain,moderate rain,10d,85,1.0,4.0,6.0
48,6,Amiens,49.8941708,2.2956951,1663671600,1663652034,1663696491,1663628160,1663690380,0.83,14.48,10.21,18.64,12.08,16.72,11.86,13.39,11.22,15.75,10.96,1025,54,5.3,3.9,38,7.61,804,Clouds,overcast clouds,04d,85,0.05,3.38,
49,6,Amiens,49.8941708,2.2956951,1663758000,1663738523,1663782758,1663718460,1663778520,0.86,16.96,8.99,18.78,11.9,16.82,9.05,15.99,10.79,15.86,9.05,1025,49,5.93,3.09,64,3.42,801,Clouds,few clouds,02d,16,0.0,3.81,
50,6,Amiens,49.8941708,2.2956951,1663844400,1663825012,1663869025,1663809060,1663866300,0.89,18.51,8.94,20.33,12.88,17.8,8.94,17.46,11.58,16.78,8.58,1022,40,4.53,2.92,131,3.36,801,Clouds,few clouds,02d,13,0.0,3.1,
51,6,Amiens,49.8941708,2.2956951,1663930800,1663911501,1663955292,1663899720,1663953840,0.92,19.87,10.78,20.5,14.37,16.72,10.78,18.85,14.03,16.01,9.35,1015,36,4.17,2.33,333,3.5,804,Clouds,overcast clouds,04d,100,0.02,2.9,
52,6,Amiens,49.8941708,2.2956951,1664017200,1663997990,1664041559,1663990560,1664041200,0.95,20.39,11.8,20.63,13.35,15.58,11.8,19.48,13.01,14.81,11.2,1014,38,5.36,5.28,59,11.68,804,Clouds,overcast clouds,04d,90,0.19,3.27,
53,6,Amiens,49.8941708,2.2956951,1664103600,1664084479,1664127827,1664081340,1664128440,0.98,19.23,10.97,20.82,13.11,15.44,10.97,18.64,12.77,14.95,10.55,1013,55,9.62,5.69,62,10.34,500,Rain,light rain,10d,89,0.38,4.0,0.18
54,6,Amiens,49.8941708,2.2956951,1664190000,1664170969,1664214094,1664172180,1664215680,0.0,20.49,10.25,20.49,14.06,14.23,10.25,19.82,13.43,13.69,9.71,1006,47,8.59,6.89,274,13.22,803,Clouds,broken clouds,04d,67,0.24,4.0,
55,6,Amiens,49.8941708,2.2956951,1664276400,1664257459,1664300362,1664263140,1664302980,0.05,14.19,9.29,14.19,9.29,11.62,11.02,13.1,8.25,10.27,10.34,1007,55,5.01,6.94,333,11.66,500,Rain,light rain,10d,95,1.0,4.0,4.39
56,7,Lille,50.6365654,3.0635282,1663671600,1663651836,1663696320,1663627680,1663690440,0.83,17.2,10.51,17.26,12.09,15.47,10.71,16.33,11.18,14.48,9.93,1025,52,7.27,4.06,17,4.68,803,Clouds,broken clouds,04d,62,0.02,3.48,
57,7,Lille,50.6365654,3.0635282,1663758000,1663738328,1663782584,1663718040,1663778580,0.86,16.88,9.58,18.62,12.17,16.73,9.58,15.85,11.11,15.69,9.2,1026,47,5.41,2.83,53,4.99,802,Clouds,scattered clouds,03d,25,0.0,3.57,
58,7,Lille,50.6365654,3.0635282,1663844400,1663824820,1663868848,1663808640,1663866300,0.89,18.26,9.37,20.3,13.9,18.22,9.37,17.16,12.65,17.17,8.78,1022,39,4.29,2.79,164,3.48,802,Clouds,scattered clouds,03d,39,0.0,3.29,
59,7,Lille,50.6365654,3.0635282,1663930800,1663911312,1663955113,1663899420,1663953780,0.92,19.48,10.65,20.21,14.93,16.94,10.8,18.37,14.36,16.2,9.42,1015,34,3.29,2.91,165,4.85,804,Clouds,overcast clouds,04d,100,0.09,2.82,
60,7,Lille,50.6365654,3.0635282,1664017200,1663997804,1664041377,1663990260,1664041080,0.95,15.11,12.21,15.56,12.21,13.52,13.4,14.79,11.97,13.3,13.09,1015,81,11.81,4.02,44,7.55,500,Rain,light rain,10d,98,0.8,3.07,1.87
61,7,Lille,50.6365654,3.0635282,1664103600,1664084296,1664127641,1664081100,1664128320,0.98,19.03,10.46,20.11,13.52,16.0,10.46,18.42,12.96,15.43,9.99,1014,55,9.72,5.49,57,10.36,500,Rain,light rain,10d,41,0.34,4.0,0.13
62,7,Lille,50.6365654,3.0635282,1664190000,1664170789,1664213906,1664172000,1664215500,0.0,19.48,10.83,19.48,14.2,14.48,10.83,18.84,13.66,13.94,10.21,1005,52,9.42,6.29,258,10.35,500,Rain,light rain,10d,75,0.49,4.0,1.26
63,7,Lille,50.6365654,3.0635282,1664276400,1664257282,1664300171,1664263020,1664302740,0.05,13.18,9.31,13.18,9.31,11.05,11.74,12.22,7.44,10.04,10.98,1006,64,6.55,6.54,329,10.9,501,Rain,moderate rain,10d,94,1.0,4.0,9.72
64,8,Strasbourg,48.584614,7.7507127,1663671600,1663650746,1663695161,1663627260,1663688640,0.83,15.12,7.33,16.35,12.59,13.82,7.33,14.23,11.5,12.69,7.33,1024,59,7.18,2.55,21,3.79,800,Clear,clear sky,01d,10,0.0,3.46,
65,8,Strasbourg,48.584614,7.7507127,1663758000,1663737230,1663781433,1663717500,1663776840,0.86,17.16,7.07,18.57,10.07,14.99,7.07,16.03,8.88,13.9,5.63,1024,42,4.15,4.4,46,5.95,802,Clouds,scattered clouds,03d,34,0.0,3.51,
66,8,Strasbourg,48.584614,7.7507127,1663844400,1663823714,1663867705,1663807980,1663864680,0.89,17.83,6.45,19.88,10.16,15.59,6.45,16.69,8.95,14.46,5.46,1022,39,3.6,3.22,75,6.53,800,Clear,clear sky,01d,1,0.0,3.45,
67,8,Strasbourg,48.584614,7.7507127,1663930800,1663910198,1663953977,1663898640,1663952340,0.92,19.4,7.07,20.82,13.67,15.59,7.07,18.49,12.84,14.75,7.07,1017,42,6.14,2.04,169,3.17,802,Clouds,scattered clouds,03d,31,0.0,3.5,
68,8,Strasbourg,48.584614,7.7507127,1664017200,1663996682,1664040250,1663989360,1664039760,0.95,21.75,11.74,21.75,13.58,16.04,11.74,21.16,13.16,15.66,11.11,1014,45,9.2,4.0,183,5.4,500,Rain,light rain,10d,9,0.36,2.72,0.84
69,8,Strasbourg,48.584614,7.7507127,1664103600,1664083166,1664126522,1664080020,1664127120,0.98,20.82,11.07,21.26,15.02,16.32,11.07,20.29,14.8,16.02,10.5,1011,51,10.24,2.57,26,3.26,500,Rain,light rain,10d,72,0.71,3.0,1.04
70,8,Strasbourg,48.584614,7.7507127,1664190000,1664169651,1664212795,1664170800,1664214420,0.0,19.73,13.17,19.73,13.19,15.0,13.17,19.38,12.94,14.7,13.0,1007,62,12.22,1.78,214,2.89,500,Rain,light rain,10d,68,0.77,3.0,4.8
71,8,Strasbourg,48.584614,7.7507127,1664276400,1664256136,1664299067,1664261700,1664301780,0.05,14.94,9.44,14.94,9.44,11.84,11.56,14.27,8.13,11.3,11.2,1004,68,8.98,5.43,251,10.23,500,Rain,light rain,10d,95,0.95,3.0,5.48
72,9,Chateau du Haut Koenigsbourg,48.249489800000006,7.34429620253195,1663671600,1663650850,1663695253,1663627500,1663688580,0.83,11.84,3.63,12.9,8.76,10.33,3.63,10.57,8.76,8.91,2.62,1024,57,3.6,2.91,47,3.37,800,Clear,clear sky,01d,6,0.0,3.7,
73,9,Chateau du Haut Koenigsbourg,48.249489800000006,7.34429620253195,1663758000,1663737332,1663781526,1663717740,1663776840,0.86,13.16,3.65,15.08,5.99,10.87,3.65,11.71,4.71,9.53,2.13,1023,45,2.73,4.09,58,5.56,801,Clouds,few clouds,02d,15,0.0,3.35,
74,9,Chateau du Haut Koenigsbourg,48.249489800000006,7.34429620253195,1663844400,1663823815,1663867800,1663808160,1663864740,0.89,13.5,3.04,16.23,6.41,11.4,3.04,12.08,6.41,10.01,3.04,1022,45,2.99,2.38,78,3.8,800,Clear,clear sky,01d,2,0.0,3.61,
75,9,Chateau du Haut Koenigsbourg,48.249489800000006,7.34429620253195,1663930800,1663910297,1663954073,1663898820,1663952340,0.92,17.85,4.38,18.38,10.93,12.33,4.91,16.87,10.12,11.47,4.06,1016,45,6.93,2.01,141,3.01,802,Clouds,scattered clouds,03d,50,0.0,3.65,
76,9,Chateau du Haut Koenigsbourg,48.249489800000006,7.34429620253195,1664017200,1663996780,1664040346,1663989480,1664039820,0.95,19.85,9.06,19.85,9.6,10.97,9.06,18.99,9.6,10.34,9.06,1014,42,7.65,1.84,169,4.07,500,Rain,light rain,10d,26,0.39,2.2,0.42
77,9,Chateau du Haut Koenigsbourg,48.249489800000006,7.34429620253195,1664103600,1664083263,1664126620,1664080140,1664127180,0.98,16.75,8.34,17.35,12.0,12.96,8.34,15.89,11.48,12.35,8.34,1012,54,8.46,1.78,65,2.17,500,Rain,light rain,10d,88,0.56,3.0,0.67
78,9,Chateau du Haut Koenigsbourg,48.249489800000006,7.34429620253195,1664190000,1664169747,1664212894,1664170920,1664214540,0.0,16.42,9.73,16.82,9.77,11.28,9.73,15.71,8.86,10.6,9.73,1007,61,10.12,2.08,249,3.87,500,Rain,light rain,10d,53,0.75,3.0,1.62
79,9,Chateau du Haut Koenigsbourg,48.249489800000006,7.34429620253195,1664276400,1664256230,1664299168,1664261760,1664301900,0.05,11.47,6.4,11.47,6.4,7.49,8.5,10.5,4.88,5.9,6.89,1005,70,7.31,5.0,251,11.63,500,Rain,light rain,10d,97,0.96,3.0,3.49
80,10,Colmar,48.0777517,7.3579641,1663671600,1663650849,1663695247,1663627560,1663688580,0.83,15.15,6.58,16.24,10.23,13.17,6.58,14.21,9.03,12.06,5.94,1024,57,6.7,3.44,41,3.85,800,Clear,clear sky,01d,4,0.0,3.7,
81,10,Colmar,48.0777517,7.3579641,1663758000,1663737331,1663781521,1663717740,1663776780,0.86,16.5,6.63,18.39,9.02,14.24,6.63,15.35,7.93,13.18,5.28,1023,44,3.61,4.7,43,6.25,801,Clouds,few clouds,02d,17,0.0,3.35,
82,10,Colmar,48.0777517,7.3579641,1663844400,1663823813,1663867795,1663808220,1663864680,0.89,16.21,5.93,18.89,9.75,14.71,5.93,15.11,9.75,13.65,4.77,1022,47,4.32,1.98,346,2.62,800,Clear,clear sky,01d,2,0.0,3.61,
83,10,Colmar,48.0777517,7.3579641,1663930800,1663910295,1663954069,1663898820,1663952340,0.92,20.93,7.5,21.94,14.09,15.82,7.99,20.25,13.54,15.26,7.23,1016,45,8.12,2.27,160,3.53,802,Clouds,scattered clouds,03d,48,0.0,3.65,
84,10,Colmar,48.0777517,7.3579641,1664017200,1663996777,1664040343,1663989480,1664039820,0.95,22.18,12.57,22.18,12.57,14.05,12.68,21.65,12.18,13.73,12.07,1014,46,9.3,3.2,181,4.77,500,Rain,light rain,10d,55,0.45,2.2,0.98
85,10,Colmar,48.0777517,7.3579641,1664103600,1664083260,1664126617,1664080140,1664127180,0.98,19.25,11.33,20.15,15.22,15.98,11.33,18.69,14.91,15.62,10.87,1011,56,9.58,1.92,39,2.56,500,Rain,light rain,10d,92,0.5,3.0,0.41
86,10,Colmar,48.0777517,7.3579641,1664190000,1664169742,1664212891,1664170920,1664214540,0.0,20.73,13.41,20.73,13.41,15.08,13.46,20.24,13.08,14.63,13.19,1006,53,10.01,2.54,228,3.92,500,Rain,light rain,10d,60,0.75,3.0,0.43
87,10,Colmar,48.0777517,7.3579641,1664276400,1664256225,1664299166,1664261760,1664301960,0.05,15.11,10.06,15.11,10.06,11.54,11.64,14.37,9.37,11.0,11.18,1005,65,7.91,5.04,248,10.58,500,Rain,light rain,10d,98,0.96,3.0,3.3
88,11,Eguisheim,48.0447968,7.3079618,1663671600,1663650862,1663695258,1663627560,1663688580,0.83,15.02,6.83,16.2,10.22,13.03,6.83,14.07,9.02,11.93,6.17,1024,57,6.58,3.16,43,3.66,800,Clear,clear sky,01d,5,0.0,3.7,
89,11,Eguisheim,48.0447968,7.3079618,1663758000,1663737343,1663781532,1663717800,1663776780,0.86,16.26,6.91,18.26,9.23,14.2,6.91,15.12,8.13,13.16,5.65,1023,45,3.63,4.65,43,6.5,801,Clouds,few clouds,02d,19,0.0,3.35,
90,11,Eguisheim,48.0447968,7.3079618,1663844400,1663823825,1663867806,1663808220,1663864680,0.89,16.14,6.28,18.7,10.12,14.58,6.28,15.06,8.91,13.53,5.14,1022,48,4.27,2.03,331,2.71,800,Clear,clear sky,01d,2,0.0,3.61,
91,11,Eguisheim,48.0447968,7.3079618,1663930800,1663910307,1663954080,1663898820,1663952340,0.92,21.14,7.93,22.01,14.28,15.86,8.43,20.48,13.75,15.33,7.75,1016,45,8.16,2.3,154,3.56,803,Clouds,broken clouds,04d,52,0.0,3.65,
92,11,Eguisheim,48.0447968,7.3079618,1664017200,1663996789,1664040355,1663989540,1664039820,0.95,22.42,12.73,22.42,12.73,14.08,12.97,21.87,12.36,13.79,12.33,1014,44,8.83,2.62,190,3.93,500,Rain,light rain,10d,56,0.44,2.2,1.04
93,11,Eguisheim,48.0447968,7.3079618,1664103600,1664083272,1664126629,1664080200,1664127180,0.98,19.04,11.6,19.96,15.28,15.89,11.6,18.49,14.98,15.55,11.17,1012,57,9.55,1.86,42,2.52,500,Rain,light rain,10d,92,0.49,3.0,0.4
94,11,Eguisheim,48.0447968,7.3079618,1664190000,1664169754,1664212904,1664170920,1664214540,0.0,20.91,13.6,20.91,13.6,15.08,13.75,20.41,13.29,14.63,13.48,1006,52,9.75,2.41,237,3.9,500,Rain,light rain,10d,60,0.77,3.0,0.28
95,11,Eguisheim,48.0447968,7.3079618,1664276400,1664256237,1664299178,1664261760,1664301960,0.05,14.92,10.01,14.92,10.01,11.51,11.78,14.22,9.34,10.99,11.31,1005,67,7.86,4.84,248,10.83,500,Rain,light rain,10d,99,0.96,3.0,2.96
96,12,Besancon,47.2380222,6.0243622,1663671600,1663651183,1663695553,1663628160,1663688640,0.83,15.91,4.84,17.81,8.48,14.29,4.84,14.97,7.24,13.32,3.28,1022,54,6.62,3.72,27,5.99,800,Clear,clear sky,01d,1,0.0,3.94,
97,12,Besancon,47.2380222,6.0243622,1663758000,1663737662,1663781830,1663718340,1663776900,0.86,16.87,5.24,17.56,8.11,13.68,5.24,15.58,6.84,12.64,3.29,1022,37,1.6,5.27,54,9.55,801,Clouds,few clouds,02d,15,0.0,3.93,
98,12,Besancon,47.2380222,6.0243622,1663844400,1663824141,1663868107,1663808760,1663864860,0.89,18.58,4.94,20.12,9.57,14.87,4.94,17.59,9.0,14.06,4.07,1020,42,4.99,2.02,97,2.66,800,Clear,clear sky,01d,0,0.0,3.85,
99,12,Besancon,47.2380222,6.0243622,1663930800,1663910620,1663954384,1663899300,1663952520,0.92,21.95,7.87,21.95,13.74,15.87,8.66,21.51,13.36,15.39,8.66,1016,50,10.54,3.77,245,5.59,803,Clouds,broken clouds,04d,53,0.0,3.85,
100,12,Besancon,47.2380222,6.0243622,1664017200,1663997099,1664040661,1663989960,1664040060,0.95,16.46,11.94,19.48,11.94,13.34,12.15,16.41,11.62,13.0,11.9,1016,86,13.63,2.76,231,6.5,500,Rain,light rain,10d,99,0.78,0.87,4.98
101,12,Besancon,47.2380222,6.0243622,1664103600,1664083579,1664126938,1664080560,1664127480,0.98,15.4,10.83,16.36,13.12,13.71,11.53,15.03,12.97,13.51,11.06,1012,78,11.18,1.51,112,1.45,500,Rain,light rain,10d,100,0.92,1.0,0.82
102,12,Besancon,47.2380222,6.0243622,1664190000,1664170058,1664213216,1664171280,1664214900,0.0,19.64,10.27,19.64,12.51,12.95,10.27,19.15,12.35,12.83,9.89,1007,57,10.5,3.87,208,9.76,500,Rain,light rain,10d,55,0.99,1.0,1.89
103,12,Besancon,47.2380222,6.0243622,1664276400,1664256538,1664299493,1664262000,1664302320,0.05,13.08,9.38,13.08,9.38,10.07,11.17,12.77,8.89,9.67,10.77,1006,89,10.79,5.46,228,11.49,500,Rain,light rain,10d,100,1.0,1.0,6.96
104,13,Dijon,47.3215806,5.0414701,1663671600,1663651418,1663695790,1663628400,1663688880,0.83,15.18,6.33,18.29,9.75,15.54,6.33,14.19,8.18,14.43,4.3,1023,55,6.21,4.87,29,7.96,800,Clear,clear sky,01d,0,0.0,3.98,
105,13,Dijon,47.3215806,5.0414701,1663758000,1663737897,1663782066,1663718580,1663777200,0.86,16.92,6.76,18.3,9.29,15.22,6.76,15.66,7.62,14.02,4.61,1022,38,2.43,4.72,45,7.27,803,Clouds,broken clouds,04d,72,0.0,4.04,
106,13,Dijon,47.3215806,5.0414701,1663844400,1663824376,1663868343,1663809000,1663865100,0.89,17.1,5.8,19.59,10.09,16.02,5.8,15.96,8.93,14.93,3.63,1020,42,3.8,3.22,61,6.17,800,Clear,clear sky,01d,2,0.0,3.94,
107,13,Dijon,47.3215806,5.0414701,1663930800,1663910856,1663954620,1663899540,1663952820,0.92,21.46,7.44,22.04,13.56,16.2,7.44,20.71,12.62,15.34,7.44,1016,40,6.99,3.63,231,4.8,803,Clouds,broken clouds,04d,64,0.0,3.87,
108,13,Dijon,47.3215806,5.0414701,1664017200,1663997335,1664040897,1663990200,1664040300,0.95,20.13,10.88,20.13,14.18,14.1,10.88,19.71,14.11,13.92,10.16,1015,58,11.24,5.77,175,6.04,500,Rain,light rain,10d,58,0.97,0.57,5.1
109,13,Dijon,47.3215806,5.0414701,1664103600,1664083815,1664127174,1664080800,1664127720,0.98,14.02,12.22,14.93,12.22,13.79,12.96,13.93,11.98,13.63,12.9,1012,94,12.85,1.75,116,2.56,501,Rain,moderate rain,10d,100,0.98,1.0,14.7
110,13,Dijon,47.3215806,5.0414701,1664190000,1664170295,1664213451,1664171520,1664215080,0.0,19.55,9.79,19.55,12.97,13.61,9.79,19.08,12.7,13.38,9.02,1007,58,10.92,3.61,224,9.35,500,Rain,light rain,10d,29,1.0,1.0,3.49
111,13,Dijon,47.3215806,5.0414701,1664276400,1664256775,1664299728,1664262300,1664302560,0.05,13.74,9.0,14.48,9.0,10.04,10.73,13.23,6.98,9.42,10.26,1005,79,9.87,6.32,230,11.4,500,Rain,light rain,10d,95,1.0,1.0,4.22
112,14,Annecy,45.8992348,6.1288847,1663671600,1663651178,1663695507,1663628580,1663688220,0.83,15.75,5.5,18.1,8.72,13.93,5.5,14.84,8.03,12.95,5.5,1021,56,7.0,3.16,1,4.6,801,Clouds,few clouds,02d,17,0.0,4.27,
113,14,Annecy,45.8992348,6.1288847,1663758000,1663737653,1663781789,1663718700,1663776600,0.86,16.69,6.18,17.98,8.22,13.17,6.18,15.69,8.22,12.19,5.39,1020,49,4.56,2.6,347,3.57,801,Clouds,few clouds,02d,13,0.0,4.32,
114,14,Annecy,45.8992348,6.1288847,1663844400,1663824127,1663868071,1663809060,1663864560,0.89,18.96,6.23,20.41,9.84,14.67,6.23,18.03,9.56,13.76,6.23,1019,43,4.83,1.47,313,1.43,800,Clear,clear sky,01d,0,0.0,4.26,
115,14,Annecy,45.8992348,6.1288847,1663930800,1663910601,1663954352,1663899540,1663952340,0.92,21.89,8.44,21.89,13.25,14.97,8.9,21.26,12.88,14.61,8.9,1016,43,7.43,2.11,252,3.07,801,Clouds,few clouds,02d,12,0.0,4.31,
116,14,Annecy,45.8992348,6.1288847,1664017200,1663997076,1664040634,1663990080,1664039940,0.95,14.35,10.88,15.55,10.88,12.25,12.94,14.3,10.45,11.99,12.64,1017,94,11.78,1.57,218,2.5,500,Rain,light rain,10d,100,1.0,1.74,1.96
117,14,Annecy,45.8992348,6.1288847,1664103600,1664083551,1664126916,1664080620,1664127420,0.98,14.95,10.29,14.95,10.53,12.34,10.62,14.67,10.17,12.19,10.09,1011,83,10.32,1.59,111,2.33,501,Rain,moderate rain,10d,100,1.0,2.0,9.53
118,14,Annecy,45.8992348,6.1288847,1664190000,1664170026,1664213198,1664171220,1664214900,0.0,20.24,8.88,20.24,11.76,12.8,9.56,19.68,11.55,12.54,9.56,1007,52,8.77,1.8,257,2.54,500,Rain,light rain,10d,100,0.99,2.0,2.55
119,14,Annecy,45.8992348,6.1288847,1664276400,1664256501,1664299480,1664261940,1664302440,0.05,14.85,10.0,14.85,10.0,10.1,10.02,14.3,10.0,9.65,9.61,1007,73,8.61,2.72,225,5.17,500,Rain,light rain,10d,75,1.0,2.0,10.13
120,15,Grenoble,45.1875602,5.7357819,1663671600,1663651283,1663695591,1663628880,1663688100,0.83,16.77,7.34,20.05,10.31,16.01,7.34,16.3,9.54,15.26,7.34,1020,69,11.06,3.45,344,4.49,800,Clear,clear sky,01d,0,0.0,4.38,
121,15,Grenoble,45.1875602,5.7357819,1663758000,1663737755,1663781875,1663718940,1663776480,0.86,19.53,7.68,21.21,10.78,16.28,7.68,18.77,9.98,15.58,7.68,1019,47,5.45,2.33,337,2.2,800,Clear,clear sky,01d,1,0.0,4.31,
122,15,Grenoble,45.1875602,5.7357819,1663844400,1663824227,1663868159,1663809300,1663864560,0.89,22.43,9.46,23.28,12.53,17.71,9.46,21.72,11.82,17.13,9.18,1019,38,4.98,2.02,312,1.76,800,Clear,clear sky,01d,6,0.0,4.39,
123,15,Grenoble,45.1875602,5.7357819,1663930800,1663910699,1663954443,1663899720,1663952340,0.92,24.88,11.13,24.88,14.62,16.97,11.56,24.55,14.28,16.71,10.83,1016,43,8.88,1.86,203,2.66,801,Clouds,few clouds,02d,16,0.0,4.4,
124,15,Grenoble,45.1875602,5.7357819,1664017200,1663997171,1664040727,1663990260,1664039940,0.95,15.9,12.69,18.92,12.69,14.22,14.63,15.97,12.44,14.05,14.39,1017,93,11.91,1.9,185,2.78,500,Rain,light rain,10d,100,1.0,1.51,2.34
125,15,Grenoble,45.1875602,5.7357819,1664103600,1664083644,1664127011,1664080740,1664127480,0.98,15.84,12.58,15.84,13.41,14.0,13.34,15.73,13.26,13.99,12.84,1011,86,10.7,1.83,127,2.22,501,Rain,moderate rain,10d,100,1.0,2.0,11.25
126,15,Grenoble,45.1875602,5.7357819,1664190000,1664170116,1664213296,1664171340,1664215020,0.0,22.74,11.64,22.74,13.07,14.42,12.01,22.4,12.97,14.37,11.64,1007,51,9.26,1.59,280,1.8,500,Rain,light rain,10d,84,1.0,2.0,4.64
127,15,Grenoble,45.1875602,5.7357819,1664276400,1664256589,1664299580,1664262000,1664302560,0.05,17.6,11.29,17.6,11.4,12.14,11.29,17.27,11.13,11.79,11.03,1008,71,9.46,1.55,281,2.59,500,Rain,light rain,10d,54,0.89,2.0,8.84
128,16,Lyon,45.7578137,4.8320114,1663671600,1663651492,1663695816,1663628940,1663688520,0.83,15.95,8.11,19.21,12.93,17.19,8.11,14.93,11.82,16.14,7.21,1022,51,5.83,4.88,358,9.54,800,Clear,clear sky,01d,0,0.0,4.33,
129,16,Lyon,45.7578137,4.8320114,1663758000,1663737966,1663782098,1663719000,1663776840,0.86,17.27,8.85,19.7,12.59,17.51,8.85,16.15,11.29,16.39,8.12,1021,42,3.92,3.35,4,7.48,800,Clear,clear sky,01d,1,0.0,4.3,
130,16,Lyon,45.7578137,4.8320114,1663844400,1663824440,1663868380,1663809420,1663864860,0.89,18.79,8.96,21.63,14.84,19.17,8.96,17.74,13.76,18.21,8.96,1020,39,4.1,1.53,67,1.52,802,Clouds,scattered clouds,03d,49,0.0,4.37,
131,16,Lyon,45.7578137,4.8320114,1663930800,1663910914,1663954662,1663899840,1663952640,0.92,24.52,12.1,24.52,17.08,19.13,12.1,24.07,16.83,18.82,11.64,1016,40,9.52,5.45,155,6.7,803,Clouds,broken clouds,04d,57,0.0,4.29,
132,16,Lyon,45.7578137,4.8320114,1664017200,1663997388,1664040945,1663990440,1664040240,0.95,20.58,14.59,21.6,15.76,17.14,14.59,20.26,15.48,16.84,14.59,1015,60,12.05,4.47,173,7.69,500,Rain,light rain,10d,95,0.98,0.38,5.35
133,16,Lyon,45.7578137,4.8320114,1664103600,1664083862,1664127227,1664080920,1664127720,0.98,14.25,12.33,14.8,12.33,13.91,14.31,14.21,12.13,13.81,14.04,1012,95,12.94,1.74,40,3.2,501,Rain,moderate rain,10d,100,1.0,1.0,16.94
134,16,Lyon,45.7578137,4.8320114,1664190000,1664170337,1664213509,1664171520,1664215200,0.0,19.75,11.3,20.67,13.61,15.19,12.25,19.43,13.38,15.09,11.96,1008,63,11.91,2.02,329,4.12,500,Rain,light rain,10d,70,1.0,1.0,2.19
135,16,Lyon,45.7578137,4.8320114,1664276400,1664256811,1664299792,1664262240,1664302740,0.05,13.91,10.52,16.65,10.52,12.3,12.2,13.52,9.9,11.67,11.72,1008,83,10.55,4.57,241,9.12,500,Rain,light rain,10d,70,1.0,1.0,3.67
136,17,Gorges du Verdon,43.7496562,6.3285616,1663671600,1663651161,1663695429,1663629120,1663687620,0.83,20.64,11.15,21.36,11.92,16.72,11.15,19.91,11.57,16.2,10.38,1015,44,7.97,3.59,210,4.23,800,Clear,clear sky,01d,0,0.0,4.75,
137,17,Gorges du Verdon,43.7496562,6.3285616,1663758000,1663737628,1663781717,1663719180,1663776060,0.86,19.33,10.46,19.46,13.06,13.62,10.46,18.49,12.43,13.0,9.68,1018,45,6.95,4.43,152,4.23,500,Rain,light rain,10d,81,0.2,4.77,0.11
138,17,Gorges du Verdon,43.7496562,6.3285616,1663844400,1663824096,1663868006,1663809480,1663864140,0.89,15.78,11.31,15.82,12.25,13.43,11.31,15.06,11.7,12.84,10.79,1020,63,8.25,1.81,192,2.43,500,Rain,light rain,10d,51,0.49,4.06,0.94
139,17,Gorges du Verdon,43.7496562,6.3285616,1663930800,1663910563,1663954295,1663899840,1663952040,0.92,16.11,10.37,16.11,10.37,12.09,12.15,15.37,9.71,11.39,11.69,1019,61,8.3,2.04,186,2.52,500,Rain,light rain,10d,51,0.2,4.17,0.64
140,17,Gorges du Verdon,43.7496562,6.3285616,1664017200,1663997031,1664040583,1663990260,1664039700,0.95,12.27,11.23,12.64,11.23,11.7,11.66,11.93,10.71,11.28,10.97,1018,91,10.69,1.97,75,2.53,500,Rain,light rain,10d,100,0.99,2.24,1.44
141,17,Gorges du Verdon,43.7496562,6.3285616,1664103600,1664083499,1664126872,1664080680,1664127300,0.98,11.57,10.52,12.12,11.53,10.98,10.52,11.24,11.06,10.59,10.03,1011,94,10.47,1.96,83,2.88,501,Rain,moderate rain,10d,100,1.0,3.0,11.87
142,17,Gorges du Verdon,43.7496562,6.3285616,1664190000,1664169967,1664213161,1664171160,1664214900,0.0,17.38,10.5,17.38,11.28,11.92,10.91,17.0,10.94,11.7,10.38,1007,70,11.73,1.93,187,1.93,500,Rain,light rain,10d,100,0.85,3.0,5.13
143,17,Gorges du Verdon,43.7496562,6.3285616,1664276400,1664256435,1664299450,1664261760,1664302560,0.05,17.49,8.64,17.49,8.64,11.16,10.83,16.52,6.37,10.29,10.42,1007,47,5.85,7.31,283,12.13,802,Clouds,scattered clouds,03d,29,0.23,3.0,
144,18,Bormes les Mimosas,43.1506968,6.3419285,1663671600,1663651166,1663695418,1663629300,1663687440,0.83,23.97,17.24,24.15,18.78,20.99,17.24,23.75,18.7,20.92,17.0,1015,51,13.22,3.47,162,3.94,800,Clear,clear sky,01d,0,0.0,4.79,
145,18,Bormes les Mimosas,43.1506968,6.3419285,1663758000,1663737631,1663781708,1663719300,1663775940,0.86,22.74,16.73,22.77,19.7,20.47,16.73,22.38,19.37,20.19,16.6,1017,50,11.55,7.82,96,8.18,802,Clouds,scattered clouds,03d,26,0.0,4.68,
146,18,Bormes les Mimosas,43.1506968,6.3419285,1663844400,1663824097,1663867998,1663809600,1663864020,0.89,20.35,17.6,20.77,18.12,19.2,18.31,19.88,17.63,18.74,18.0,1019,55,11.01,5.31,78,6.84,803,Clouds,broken clouds,04d,59,0.39,2.65,
147,18,Bormes les Mimosas,43.1506968,6.3419285,1663930800,1663910562,1663954289,1663899900,1663951920,0.92,21.54,17.46,21.54,18.23,19.13,17.46,21.0,17.83,18.67,17.04,1019,48,10.0,3.5,152,2.88,800,Clear,clear sky,01d,10,0.0,3.59,
148,18,Bormes les Mimosas,43.1506968,6.3419285,1664017200,1663997028,1664040580,1663990320,1664039640,0.95,18.94,17.31,18.94,18.09,18.06,17.67,18.77,18.07,17.96,17.4,1017,72,13.73,5.51,75,7.99,500,Rain,light rain,10d,100,0.73,2.74,2.28
149,18,Bormes les Mimosas,43.1506968,6.3419285,1664103600,1664083494,1664126870,1664080680,1664127300,0.98,17.86,16.77,17.86,16.85,16.77,17.19,17.87,16.76,16.72,17.21,1011,83,14.85,9.49,70,13.42,501,Rain,moderate rain,10d,100,1.0,3.0,12.38
150,18,Bormes les Mimosas,43.1506968,6.3419285,1664190000,1664169960,1664213161,1664171160,1664214900,0.0,18.87,16.56,19.56,17.89,18.03,16.56,18.93,17.9,18.03,16.54,1008,81,15.4,4.83,55,6.4,501,Rain,moderate rain,10d,100,1.0,3.0,7.15
151,18,Bormes les Mimosas,43.1506968,6.3419285,1664276400,1664256427,1664299452,1664261700,1664302560,0.05,22.41,17.28,22.41,17.81,19.2,17.28,21.83,17.32,18.72,17.15,1007,43,8.41,9.36,285,15.82,803,Clouds,broken clouds,04d,60,0.04,3.0,
152,19,Cassis,43.2140359,5.5396318,1663671600,1663651358,1663695611,1663629480,1663687680,0.83,22.84,18.72,23.87,21.17,23.15,18.72,22.17,20.47,22.54,18.08,1015,38,7.79,4.1,286,4.29,800,Clear,clear sky,01d,0,0.0,4.75,
153,19,Cassis,43.2140359,5.5396318,1663758000,1663737823,1663781901,1663719480,1663776120,0.86,23.15,18.57,23.87,21.13,22.12,18.57,22.93,20.81,21.95,17.92,1017,54,12.81,7.95,137,7.82,801,Clouds,few clouds,02d,19,0.14,4.79,
154,19,Cassis,43.2140359,5.5396318,1663844400,1663824289,1663868191,1663809780,1663864260,0.89,20.81,19.43,21.34,19.43,20.28,19.7,20.57,19.15,19.96,19.4,1020,62,12.87,3.79,156,4.07,500,Rain,light rain,10d,69,0.39,4.08,0.61
155,19,Cassis,43.2140359,5.5396318,1663930800,1663910755,1663954482,1663900080,1663952160,0.92,21.59,18.39,21.72,20.46,20.76,18.39,21.19,20.02,20.3,18.06,1019,53,11.3,2.93,188,2.5,800,Clear,clear sky,01d,8,0.0,4.65,
156,19,Cassis,43.2140359,5.5396318,1664017200,1663997221,1664040772,1663990500,1664039880,0.95,18.98,18.09,19.92,19.44,19.28,18.09,18.89,19.35,19.09,18.04,1016,75,13.99,6.24,100,10.42,501,Rain,moderate rain,10d,100,0.99,1.74,6.87
157,19,Cassis,43.2140359,5.5396318,1664103600,1664083687,1664127062,1664080920,1664127480,0.98,18.26,17.39,19.11,17.39,17.62,18.73,18.36,17.25,17.58,18.83,1010,85,15.15,9.01,91,13.63,501,Rain,moderate rain,10d,100,1.0,2.0,14.51
158,19,Cassis,43.2140359,5.5396318,1664190000,1664170153,1664213353,1664171400,1664215080,0.0,20.28,17.33,20.6,19.46,20.2,17.33,20.3,19.47,20.21,17.21,1008,74,14.89,3.22,270,3.66,500,Rain,light rain,10d,95,1.0,2.0,7.79
159,19,Cassis,43.2140359,5.5396318,1664276400,1664256620,1664299644,1664261940,1664302740,0.05,21.02,18.18,21.5,18.4,19.31,18.18,20.4,17.91,19.02,18.17,1008,47,8.65,9.02,287,14.1,500,Rain,light rain,10d,19,0.2,2.0,0.25
160,20,Marseille,43.2961743,5.3699525,1663671600,1663651397,1663695653,1663629480,1663687740,0.83,22.25,17.94,24.06,20.61,23.21,17.94,21.52,19.9,22.58,17.2,1016,38,7.27,5.19,302,6.43,800,Clear,clear sky,01d,0,0.0,4.67,
161,20,Marseille,43.2961743,5.3699525,1663758000,1663737863,1663781943,1663719540,1663776180,0.86,22.62,18.24,23.59,21.62,22.25,18.24,22.45,21.35,22.15,17.48,1017,58,13.47,7.18,151,7.54,801,Clouds,few clouds,02d,16,0.18,4.65,
162,20,Marseille,43.2961743,5.3699525,1663844400,1663824329,1663868232,1663809780,1663864320,0.89,21.11,19.89,21.51,20.16,20.77,20.06,20.87,19.88,20.44,19.77,1020,61,12.9,3.64,162,3.55,500,Rain,light rain,10d,46,0.37,3.99,0.46
163,20,Marseille,43.2961743,5.3699525,1663930800,1663910795,1663954522,1663900140,1663952220,0.92,21.77,19.01,21.91,21.0,21.23,19.01,21.44,20.59,20.77,18.72,1019,55,12.02,3.27,189,2.76,801,Clouds,few clouds,02d,11,0.0,4.75,
164,20,Marseille,43.2961743,5.3699525,1664017200,1663997261,1664040813,1663990560,1664039940,0.95,19.06,18.11,20.6,19.63,19.65,18.17,18.98,19.55,19.45,18.13,1017,75,14.06,6.34,103,9.79,501,Rain,moderate rain,10d,100,1.0,0.91,7.54
165,20,Marseille,43.2961743,5.3699525,1664103600,1664083728,1664127103,1664080920,1664127540,0.98,18.46,17.96,19.33,17.99,17.96,19.1,18.53,17.86,17.9,19.18,1010,83,15.15,8.66,97,12.95,501,Rain,moderate rain,10d,100,1.0,1.0,14.52
166,20,Marseille,43.2961743,5.3699525,1664190000,1664170195,1664213393,1664171400,1664215140,0.0,20.28,17.74,21.05,19.77,20.32,17.74,20.24,19.73,20.29,17.61,1008,72,14.57,3.81,286,3.66,500,Rain,light rain,10d,87,0.98,1.0,6.01
167,20,Marseille,43.2961743,5.3699525,1664276400,1664256661,1664299684,1664261940,1664302800,0.05,21.08,17.86,21.47,18.6,19.58,17.86,20.47,18.06,19.26,17.84,1008,47,8.85,8.93,289,13.85,500,Rain,light rain,10d,14,0.21,1.0,0.24
168,21,Aix en Provence,43.5298424,5.4474738,1663671600,1663651376,1663695637,1663629420,1663687740,0.83,21.59,14.34,24.77,18.19,22.56,14.34,20.93,17.14,21.63,13.24,1015,43,8.49,4.3,287,3.81,800,Clear,clear sky,01d,0,0.0,4.58,
169,21,Aix en Provence,43.5298424,5.4474738,1663758000,1663737842,1663781926,1663719420,1663776240,0.86,23.6,14.61,24.45,19.56,21.66,14.61,23.16,19.16,21.24,13.43,1017,44,10.39,4.4,214,4.18,801,Clouds,few clouds,02d,16,0.17,4.47,
170,21,Aix en Provence,43.5298424,5.4474738,1663844400,1663824309,1663868216,1663809720,1663864320,0.89,20.34,17.34,21.64,17.81,19.52,17.34,20.0,17.42,19.12,17.04,1019,60,11.96,4.07,225,4.11,500,Rain,light rain,10d,66,0.41,3.21,2.58
171,21,Aix en Provence,43.5298424,5.4474738,1663930800,1663910776,1663954505,1663900080,1663952220,0.92,22.31,16.05,22.31,18.75,19.86,16.05,21.85,18.17,19.29,15.67,1018,48,10.42,3.63,230,2.58,801,Clouds,few clouds,02d,20,0.0,4.12,
172,21,Aix en Provence,43.5298424,5.4474738,1664017200,1663997243,1664040794,1663990500,1664039940,0.95,16.35,15.76,17.72,16.27,16.8,16.03,16.21,16.09,16.62,15.67,1017,83,13.18,3.32,78,7.32,500,Rain,light rain,10d,100,1.0,0.84,3.31
173,21,Aix en Provence,43.5298424,5.4474738,1664103600,1664083710,1664127084,1664080920,1664127540,0.98,16.14,15.38,16.87,15.43,15.38,16.18,16.06,15.27,15.27,16.1,1010,86,13.3,5.02,95,11.09,501,Rain,moderate rain,10d,100,1.0,1.0,11.04
174,21,Aix en Provence,43.5298424,5.4474738,1664190000,1664170177,1664213374,1664171400,1664215140,0.0,21.47,14.91,21.47,17.54,19.21,14.91,21.27,17.41,19.04,14.62,1008,61,13.36,2.88,273,3.66,500,Rain,light rain,10d,79,0.88,1.0,1.07
175,21,Aix en Provence,43.5298424,5.4474738,1664276400,1664256645,1664299663,1664261940,1664302740,0.05,20.91,15.46,20.96,16.08,17.23,15.46,20.1,15.31,16.71,15.31,1008,40,6.63,6.75,289,12.94,500,Rain,light rain,10d,7,0.24,1.0,0.19
176,22,Avignon,43.9492493,4.8059012,1663671600,1663651524,1663695797,1663629480,1663688040,0.83,19.34,12.36,21.89,16.69,19.65,12.36,18.45,15.56,18.69,11.09,1017,43,6.46,10.72,353,16.49,800,Clear,clear sky,01d,0,0.0,4.57,
177,22,Avignon,43.9492493,4.8059012,1663758000,1663737992,1663782085,1663719480,1663776480,0.86,21.33,13.13,23.96,15.65,21.27,13.2,20.46,14.68,20.55,12.06,1018,36,5.49,9.2,352,15.53,801,Clouds,few clouds,02d,21,0.21,4.45,
178,22,Avignon,43.9492493,4.8059012,1663844400,1663824460,1663868372,1663809780,1663864560,0.89,21.89,11.86,23.78,16.43,21.0,11.86,21.34,16.3,20.7,10.88,1020,46,9.5,5.01,221,6.78,802,Clouds,scattered clouds,03d,49,0.21,2.18,
179,22,Avignon,43.9492493,4.8059012,1663930800,1663910928,1663954660,1663900140,1663952400,0.92,21.6,15.63,22.43,17.0,19.08,16.33,21.28,16.69,18.79,16.03,1018,56,12.3,2.71,223,4.31,500,Rain,light rain,10d,81,0.2,2.92,0.12
180,22,Avignon,43.9492493,4.8059012,1664017200,1663997396,1664040949,1663990620,1664040120,0.95,16.63,15.93,17.26,16.55,16.69,16.25,16.52,16.38,16.53,15.94,1017,83,13.55,1.58,105,2.04,500,Rain,light rain,10d,100,1.0,0.56,1.47
181,22,Avignon,43.9492493,4.8059012,1664103600,1664083865,1664127237,1664081040,1664127720,0.98,15.26,14.6,15.51,14.8,14.7,14.6,15.22,14.76,14.68,14.54,1011,91,13.55,2.96,13,5.73,502,Rain,heavy intensity rain,10d,100,1.0,1.0,27.24
182,22,Avignon,43.9492493,4.8059012,1664190000,1664170333,1664213525,1664171580,1664215260,0.0,19.17,14.75,20.14,15.9,17.39,14.92,19.05,15.84,17.35,14.74,1008,73,13.99,2.27,319,3.14,500,Rain,light rain,10d,82,0.94,1.0,1.89
183,22,Avignon,43.9492493,4.8059012,1664276400,1664256802,1664299814,1664262120,1664302860,0.05,21.66,12.81,21.66,13.97,16.75,12.81,20.95,13.22,16.28,12.26,1009,41,7.61,5.48,290,9.85,801,Clouds,few clouds,02d,18,0.11,1.0,
184,23,Uzes,44.0121279,4.4196718,1663671600,1663651616,1663695890,1663629540,1663688160,0.83,19.17,10.14,22.09,15.06,18.8,10.14,18.03,13.8,17.7,8.75,1018,34,2.95,9.2,22,16.42,800,Clear,clear sky,01d,0,0.0,4.79,
185,23,Uzes,44.0121279,4.4196718,1663758000,1663738084,1663782178,1663719600,1663776540,0.86,20.53,10.8,22.58,14.09,19.38,10.8,19.53,12.94,18.5,9.53,1018,34,4.37,7.45,15,13.2,802,Clouds,scattered clouds,03d,32,0.1,4.88,
186,23,Uzes,44.0121279,4.4196718,1663844400,1663824552,1663868465,1663809900,1663864680,0.89,21.33,10.78,22.64,15.25,19.87,10.78,20.62,15.13,19.58,9.51,1019,42,8.1,5.26,208,6.94,802,Clouds,scattered clouds,03d,43,0.1,4.79,
187,23,Uzes,44.0121279,4.4196718,1663930800,1663911020,1663954753,1663900260,1663952520,0.92,20.44,14.71,21.33,15.9,17.78,15.94,20.18,15.66,17.55,15.7,1018,63,13.31,3.95,205,4.38,500,Rain,light rain,10d,100,0.21,2.48,0.23
188,23,Uzes,44.0121279,4.4196718,1664017200,1663997489,1664041041,1663990680,1664040180,0.95,16.95,14.41,16.98,15.15,16.07,14.41,16.79,14.94,15.87,14.23,1017,80,13.48,2.05,89,3.09,500,Rain,light rain,10d,100,1.0,0.15,2.39
189,23,Uzes,44.0121279,4.4196718,1664103600,1664083958,1664127329,1664081160,1664127780,0.98,14.12,13.78,15.24,14.11,13.78,13.89,14.12,14.03,13.72,13.84,1011,97,13.52,4.64,29,9.32,502,Rain,heavy intensity rain,10d,100,1.0,1.0,33.31
190,23,Uzes,44.0121279,4.4196718,1664190000,1664170426,1664213617,1664171640,1664215320,0.0,18.13,14.16,20.02,14.37,16.27,14.27,18.04,14.08,16.15,14.15,1008,78,14.19,2.13,245,3.0,500,Rain,light rain,10d,99,1.0,1.0,2.92
191,23,Uzes,44.0121279,4.4196718,1664276400,1664256895,1664299906,1664262240,1664302980,0.05,20.48,11.4,20.48,11.93,14.15,11.4,19.73,11.08,13.63,10.71,1008,44,7.98,4.2,272,7.29,801,Clouds,few clouds,02d,12,0.08,1.0,
192,24,Nimes,43.8374249,4.3600687,1663671600,1663651633,1663695902,1663629600,1663688100,0.83,20.38,12.13,23.66,16.6,20.1,12.13,19.39,15.39,19.05,10.76,1018,35,4.43,8.5,15,16.42,800,Clear,clear sky,01d,0,0.0,4.64,
193,24,Nimes,43.8374249,4.3600687,1663758000,1663738100,1663782190,1663719660,1663776540,0.86,21.7,12.29,23.58,15.85,21.17,12.4,20.74,14.74,20.44,11.13,1018,31,3.99,6.89,13,12.6,801,Clouds,few clouds,02d,23,0.1,4.61,
194,24,Nimes,43.8374249,4.3600687,1663844400,1663824568,1663868478,1663809960,1663864620,0.89,20.38,13.22,22.64,16.54,20.42,13.59,19.65,16.44,20.16,12.39,1020,45,7.9,5.14,205,6.2,803,Clouds,broken clouds,04d,73,0.1,2.32,
195,24,Nimes,43.8374249,4.3600687,1663930800,1663911036,1663954767,1663900320,1663952520,0.92,21.73,15.78,21.73,16.99,18.71,16.42,21.47,16.7,18.46,16.15,1018,58,13.1,3.92,199,3.87,500,Rain,light rain,10d,94,0.2,2.38,0.13
196,24,Nimes,43.8374249,4.3600687,1664017200,1663997503,1664041055,1663990740,1664040180,0.95,17.35,15.29,17.35,16.31,16.31,15.29,17.23,16.11,16.16,15.17,1017,80,13.83,2.88,86,4.47,500,Rain,light rain,10d,100,1.0,0.14,2.9
197,24,Nimes,43.8374249,4.3600687,1664103600,1664083972,1664127344,1664081160,1664127780,0.98,15.61,14.56,15.86,14.75,14.56,15.15,15.65,14.71,14.53,15.2,1010,93,14.37,5.26,32,9.38,502,Rain,heavy intensity rain,10d,100,1.0,1.0,30.79
198,24,Nimes,43.8374249,4.3600687,1664190000,1664170440,1664213633,1664171640,1664215380,0.0,18.36,14.84,20.32,15.54,17.09,14.96,18.29,15.32,17.0,14.89,1008,78,14.4,2.1,27,3.88,500,Rain,light rain,10d,100,1.0,1.0,3.76
199,24,Nimes,43.8374249,4.3600687,1664276400,1664256908,1664299922,1664262240,1664302980,0.05,20.99,12.52,20.99,14.09,16.12,12.52,20.29,13.12,15.62,11.89,1009,44,8.31,6.04,275,9.62,800,Clear,clear sky,01d,9,0.05,1.0,
200,25,Aigues Mortes,43.5658225,4.1912837,1663671600,1663651677,1663695939,1663629720,1663688100,0.83,20.4,14.55,24.74,18.51,21.6,14.55,19.33,17.51,20.78,13.39,1018,32,3.17,7.29,4,13.97,800,Clear,clear sky,01d,0,0.0,4.64,
201,25,Aigues Mortes,43.5658225,4.1912837,1663758000,1663738143,1663782228,1663719720,1663776540,0.86,22.01,14.03,23.59,18.31,21.88,14.31,21.13,17.66,21.4,13.21,1018,33,4.92,6.59,9,11.64,800,Clear,clear sky,01d,9,0.07,4.61,
202,25,Aigues Mortes,43.5658225,4.1912837,1663844400,1663824610,1663868517,1663810020,1663864620,0.89,19.41,16.27,21.61,19.37,20.91,16.46,18.76,19.24,20.75,15.49,1020,52,9.33,4.95,193,5.72,804,Clouds,overcast clouds,04d,93,0.22,2.32,
203,25,Aigues Mortes,43.5658225,4.1912837,1663930800,1663911077,1663954806,1663900380,1663952520,0.92,21.45,18.73,21.45,19.77,20.25,19.16,21.3,19.53,20.0,19.04,1018,63,14.02,4.4,169,4.36,500,Rain,light rain,10d,88,0.21,2.38,0.1
204,25,Aigues Mortes,43.5658225,4.1912837,1664017200,1663997544,1664041095,1663990800,1664040240,0.95,18.2,16.82,20.05,17.46,17.7,16.82,18.24,17.38,17.59,16.86,1016,83,15.19,5.2,88,6.79,501,Rain,moderate rain,10d,100,0.99,0.14,6.18
205,25,Aigues Mortes,43.5658225,4.1912837,1664103600,1664084012,1664127385,1664081220,1664127840,0.98,18.0,15.56,18.72,15.79,15.96,18.13,18.23,15.8,16.01,18.32,1010,91,16.41,7.36,37,10.15,501,Rain,moderate rain,10d,100,1.0,1.0,28.81
206,25,Aigues Mortes,43.5658225,4.1912837,1664190000,1664170479,1664213674,1664171700,1664215440,0.0,18.27,15.8,20.0,17.49,19.43,15.8,18.24,17.17,19.15,15.79,1009,80,14.71,5.25,298,6.36,501,Rain,moderate rain,10d,100,1.0,1.0,6.76
207,25,Aigues Mortes,43.5658225,4.1912837,1664276400,1664256947,1664299964,1664262300,1664303040,0.05,20.84,15.36,20.84,16.01,17.85,15.37,20.29,15.31,17.41,14.89,1009,50,10.06,7.91,291,10.88,500,Rain,light rain,10d,4,0.31,1.0,0.16
208,26,Saintes Maries de la mer,43.4522771,4.4287172,1663671600,1663651621,1663695880,1663629720,1663687980,0.83,20.65,15.31,23.43,19.19,21.25,15.31,19.76,18.31,20.5,14.31,1017,38,5.84,11.71,4,18.11,800,Clear,clear sky,01d,0,0.0,4.69,
209,26,Saintes Maries de la mer,43.4522771,4.4287172,1663758000,1663738088,1663782170,1663719720,1663776420,0.86,21.03,15.3,22.92,19.31,21.63,15.53,20.23,19.02,21.36,14.6,1018,40,6.64,11.0,3,16.13,500,Rain,light rain,10d,6,0.31,4.72,0.18
210,26,Saintes Maries de la mer,43.4522771,4.4287172,1663844400,1663824554,1663868459,1663810020,1663864560,0.89,19.2,16.66,21.35,20.06,20.72,16.85,18.74,19.82,20.6,16.11,1020,60,11.26,4.84,185,5.14,500,Rain,light rain,10d,82,0.31,3.73,0.23
211,26,Saintes Maries de la mer,43.4522771,4.4287172,1663930800,1663911021,1663954749,1663900320,1663952460,0.92,21.21,19.39,21.21,20.37,20.61,19.46,21.06,20.08,20.32,19.34,1018,64,14.15,4.81,170,4.67,802,Clouds,scattered clouds,03d,45,0.02,3.56,
212,26,Saintes Maries de la mer,43.4522771,4.4287172,1664017200,1663997487,1664041038,1663990740,1664040180,0.95,18.38,17.51,20.45,18.08,18.36,17.51,18.44,18.06,18.26,17.48,1016,83,15.33,5.74,91,7.88,500,Rain,light rain,10d,100,1.0,1.0,5.94
213,26,Saintes Maries de la mer,43.4522771,4.4287172,1664103600,1664083954,1664127328,1664081160,1664127780,0.98,18.8,16.52,19.41,16.52,17.33,19.11,19.01,16.53,17.42,19.27,1009,87,16.66,8.66,135,10.5,501,Rain,moderate rain,10d,100,1.0,1.0,29.31
214,26,Saintes Maries de la mer,43.4522771,4.4287172,1664190000,1664170421,1664213618,1664171640,1664215380,0.0,18.07,16.47,19.65,17.81,19.65,16.47,18.05,17.5,19.5,16.39,1008,81,14.72,5.58,288,6.02,500,Rain,light rain,10d,100,1.0,1.0,4.84
215,26,Saintes Maries de la mer,43.4522771,4.4287172,1664276400,1664256889,1664299908,1664262180,1664303040,0.05,20.38,15.72,20.45,16.25,18.38,15.89,19.86,15.63,18.02,15.47,1009,53,10.45,8.62,294,11.11,500,Rain,light rain,10d,6,0.32,1.0,0.19
216,27,Collioure,42.52505,3.0831554,1663671600,1663651957,1663696191,1663630260,1663688100,0.83,25.32,17.11,26.28,19.97,23.34,17.11,24.64,19.01,22.77,15.97,1017,28,5.52,4.19,25,6.29,800,Clear,clear sky,01d,0,0.0,4.98,
217,27,Collioure,42.52505,3.0831554,1663758000,1663738420,1663782483,1663720260,1663776600,0.86,24.39,17.33,24.39,17.69,20.69,17.33,23.72,17.03,20.09,16.19,1018,32,5.49,4.72,51,5.43,800,Clear,clear sky,01d,0,0.0,4.95,
218,27,Collioure,42.52505,3.0831554,1663844400,1663824884,1663868775,1663810500,1663864740,0.89,22.19,16.17,23.14,19.66,21.35,16.17,22.03,19.61,21.29,15.51,1019,60,13.48,5.18,144,5.24,801,Clouds,few clouds,02d,12,0.12,4.91,
219,27,Collioure,42.52505,3.0831554,1663930800,1663911348,1663955068,1663900800,1663952640,0.92,23.43,17.6,23.49,19.99,21.47,17.6,23.45,20.21,21.55,17.66,1017,62,15.15,6.66,148,7.62,500,Rain,light rain,10d,63,0.53,3.99,1.01
220,27,Collioure,42.52505,3.0831554,1664017200,1663997812,1664041360,1663991220,1664040420,0.95,20.32,17.61,20.32,18.09,18.93,17.61,20.42,18.41,19.25,17.75,1015,77,15.56,4.22,39,4.68,501,Rain,moderate rain,10d,68,1.0,1.35,30.59
221,27,Collioure,42.52505,3.0831554,1664103600,1664084276,1664127653,1664081580,1664128080,0.98,20.97,17.18,20.97,17.82,18.2,17.25,20.82,17.96,18.22,17.35,1010,65,13.57,4.76,355,5.75,501,Rain,moderate rain,10d,100,1.0,2.0,5.22
222,27,Collioure,42.52505,3.0831554,1664190000,1664170740,1664213945,1664172000,1664215680,0.0,20.49,16.6,21.03,17.46,18.48,16.6,20.08,17.01,18.03,16.61,1009,57,11.19,5.73,328,7.26,500,Rain,light rain,10d,86,0.38,2.0,0.18
223,27,Collioure,42.52505,3.0831554,1664276400,1664257204,1664300238,1664262480,1664303400,0.05,21.89,15.27,21.89,17.24,17.8,15.27,21.44,16.87,17.49,14.81,1010,50,10.12,7.8,337,10.88,500,Rain,light rain,10d,16,0.3,2.0,0.62
224,28,Carcassonne,43.2130358,2.3491069,1663671600,1663652124,1663696376,1663630260,1663688460,0.83,21.72,12.02,26.13,16.17,23.86,12.02,20.91,14.76,22.9,10.53,1019,37,6.41,6.43,304,8.7,800,Clear,clear sky,01d,0,0.0,5.01,
225,28,Carcassonne,43.2130358,2.3491069,1663758000,1663738590,1663782666,1663720260,1663776900,0.86,23.49,11.15,26.25,14.97,23.3,11.19,22.57,13.93,22.39,9.88,1018,26,2.52,4.56,301,6.82,800,Clear,clear sky,01d,5,0.0,4.86,
226,28,Carcassonne,43.2130358,2.3491069,1663844400,1663825055,1663868956,1663810560,1663865040,0.89,23.54,12.85,25.33,16.02,21.46,12.85,23.15,16.03,21.31,12.02,1018,46,10.42,5.61,100,7.41,802,Clouds,scattered clouds,03d,25,0.01,4.92,
227,28,Carcassonne,43.2130358,2.3491069,1663930800,1663911521,1663955246,1663900920,1663952940,0.92,24.8,15.2,24.8,16.96,19.02,15.23,24.67,17.19,19.04,15.24,1016,51,13.29,7.61,95,9.88,501,Rain,moderate rain,10d,84,1.0,4.51,9.28
228,28,Carcassonne,43.2130358,2.3491069,1664017200,1663997987,1664041537,1663991280,1664040660,0.95,19.08,14.91,19.08,16.1,16.97,14.91,19.16,16.25,17.12,14.94,1015,81,15.04,5.48,96,8.3,501,Rain,moderate rain,10d,77,1.0,3.15,7.06
229,28,Carcassonne,43.2130358,2.3491069,1664103600,1664084453,1664127827,1664081700,1664128260,0.98,16.34,14.67,17.96,14.67,15.46,15.39,16.22,14.54,15.36,15.47,1011,84,12.9,3.91,281,5.93,500,Rain,light rain,10d,100,1.0,4.0,4.0
230,28,Carcassonne,43.2130358,2.3491069,1664190000,1664170920,1664214118,1664172180,1664215860,0.0,17.19,13.34,19.21,14.56,15.92,13.34,16.79,14.08,15.42,13.16,1010,70,10.94,4.74,306,7.89,500,Rain,light rain,10d,99,0.41,4.0,0.32
231,28,Carcassonne,43.2130358,2.3491069,1664276400,1664257386,1664300409,1664262720,1664303520,0.05,22.02,10.98,22.02,13.45,14.96,10.98,21.35,12.99,14.73,10.59,1009,41,7.72,7.35,296,13.54,500,Rain,light rain,10d,5,0.51,4.0,1.16
232,29,Ariege,42.9455368,1.4065544156065486,1663671600,1663652354,1663696598,1663630560,1663688640,0.83,16.34,7.23,19.23,8.98,15.6,7.23,14.92,7.67,14.18,5.93,1020,34,0.46,3.33,332,3.57,800,Clear,clear sky,01d,0,0.0,5.29,
233,29,Ariege,42.9455368,1.4065544156065486,1663758000,1663738819,1663782889,1663720560,1663777080,0.86,17.58,7.0,19.09,9.13,15.48,7.05,16.2,7.99,14.13,5.93,1019,31,1.61,2.78,349,2.69,800,Clear,clear sky,01d,0,0.01,5.24,
234,29,Ariege,42.9455368,1.4065544156065486,1663844400,1663825284,1663869180,1663810860,1663865220,0.89,18.7,7.15,20.24,10.37,16.24,7.15,17.41,9.08,15.15,6.0,1018,30,2.03,2.44,181,2.91,801,Clouds,few clouds,02d,21,0.03,5.25,
235,29,Ariege,42.9455368,1.4065544156065486,1663930800,1663911749,1663955471,1663901160,1663953120,0.92,20.06,9.17,20.06,10.03,10.63,9.17,19.11,9.57,10.2,8.13,1015,38,6.71,2.49,181,3.94,501,Rain,moderate rain,10d,100,0.95,4.47,7.43
236,29,Ariege,42.9455368,1.4065544156065486,1664017200,1663998214,1664041762,1663991580,1664040840,0.95,14.24,7.22,14.24,9.72,10.04,7.22,13.55,9.72,9.68,6.66,1014,70,10.33,2.0,4,2.17,500,Rain,light rain,10d,46,0.99,4.43,6.67
237,29,Ariege,42.9455368,1.4065544156065486,1664103600,1664084679,1664128054,1664081940,1664128500,0.98,8.4,6.14,9.42,6.14,7.51,8.0,8.4,6.14,7.51,8.0,1012,97,9.57,1.16,290,3.33,500,Rain,light rain,10d,100,0.99,5.0,4.86
238,29,Ariege,42.9455368,1.4065544156065486,1664190000,1664171145,1664214345,1664172420,1664216100,0.0,10.58,6.23,10.68,7.52,8.23,6.23,9.65,7.52,8.23,6.23,1011,75,7.77,1.72,320,2.78,500,Rain,light rain,10d,97,0.44,5.0,0.61
239,29,Ariege,42.9455368,1.4065544156065486,1664276400,1664257610,1664300637,1664262960,1664303820,0.05,16.05,4.93,16.05,6.14,7.63,4.93,14.73,5.0,5.8,3.8,1009,39,3.51,3.06,327,7.94,500,Rain,light rain,10d,3,0.52,5.0,1.66
240,30,Toulouse,43.6044622,1.4442469,1663671600,1663652336,1663696598,1663630380,1663688760,0.83,20.5,11.28,25.69,17.1,24.06,11.28,19.6,15.62,23.02,9.95,1020,38,5.71,4.43,311,5.67,800,Clear,clear sky,01d,0,0.0,4.92,
241,30,Toulouse,43.6044622,1.4442469,1663758000,1663738803,1663782887,1663720440,1663777200,0.86,21.83,10.57,25.42,17.15,23.61,10.77,20.8,15.81,22.63,9.52,1019,28,2.3,3.8,261,6.78,801,Clouds,few clouds,02d,13,0.0,4.86,
242,30,Toulouse,43.6044622,1.4442469,1663844400,1663825270,1663869176,1663810740,1663865340,0.89,23.35,11.76,26.77,17.11,24.82,11.9,22.47,16.99,24.11,10.61,1018,28,3.82,4.68,136,9.77,803,Clouds,broken clouds,04d,55,0.0,4.96,
243,30,Toulouse,43.6044622,1.4442469,1663930800,1663911737,1663955465,1663901040,1663953180,0.92,26.18,14.21,26.36,17.09,17.51,14.21,26.18,17.18,17.48,14.09,1015,39,11.29,4.47,127,9.5,501,Rain,moderate rain,10d,100,0.85,4.0,9.84
244,30,Toulouse,43.6044622,1.4442469,1664017200,1663998204,1664041754,1663991520,1664040900,0.95,20.46,14.37,20.89,16.27,17.26,14.37,20.21,16.35,17.29,14.34,1014,63,13.06,3.12,159,6.66,501,Rain,moderate rain,10d,70,1.0,4.42,9.03
245,30,Toulouse,43.6044622,1.4442469,1664103600,1664084671,1664128043,1664081940,1664128500,0.98,15.59,14.57,16.64,14.57,15.06,14.63,15.42,14.33,14.84,14.47,1011,85,12.89,3.25,298,5.92,501,Rain,moderate rain,10d,100,1.0,5.0,7.49
246,30,Toulouse,43.6044622,1.4442469,1664190000,1664171139,1664214333,1664172360,1664216100,0.0,17.64,13.06,18.7,14.81,16.49,13.26,17.13,14.3,15.87,13.07,1011,64,10.73,4.24,279,6.64,500,Rain,light rain,10d,94,0.77,5.0,2.37
247,30,Toulouse,43.6044622,1.4442469,1664276400,1664257607,1664300622,1664262960,1664303760,0.05,18.11,11.39,18.11,12.81,13.35,11.39,17.7,12.13,12.83,10.8,1010,66,11.28,8.73,285,13.88,500,Rain,light rain,10d,34,0.9,5.0,2.88
248,31,Montauban,44.0175835,1.3549991,1663671600,1663652352,1663696625,1663630320,1663688880,0.83,19.46,9.43,26.13,14.68,24.1,9.43,18.3,13.14,23.11,9.43,1020,32,2.35,3.84,318,4.47,800,Clear,clear sky,01d,0,0.0,4.87,
249,31,Montauban,44.0175835,1.3549991,1663758000,1663738820,1663782912,1663720320,1663777320,0.86,21.22,8.93,25.13,16.39,23.25,9.02,20.15,15.05,22.31,9.02,1019,29,2.71,2.62,302,2.58,802,Clouds,scattered clouds,03d,47,0.0,4.78,
250,31,Montauban,44.0175835,1.3549991,1663844400,1663825288,1663869200,1663810680,1663865400,0.89,23.28,10.41,26.54,16.14,24.22,10.59,22.55,15.59,23.43,9.43,1018,34,6.26,3.34,152,4.3,803,Clouds,broken clouds,04d,68,0.0,4.87,
251,31,Montauban,44.0175835,1.3549991,1663930800,1663911757,1663955488,1663901040,1663953240,0.92,25.38,12.9,27.21,15.78,17.48,12.9,25.1,15.71,17.29,12.65,1015,43,11.88,3.1,144,4.86,500,Rain,light rain,10d,100,0.78,3.88,1.81
252,31,Montauban,44.0175835,1.3549991,1664017200,1663998225,1664041776,1663991460,1664040960,0.95,21.65,13.55,21.65,15.33,16.63,13.55,21.36,15.37,16.67,13.44,1014,57,12.76,2.83,250,3.37,501,Rain,moderate rain,10d,58,0.98,4.37,9.38
253,31,Montauban,44.0175835,1.3549991,1664103600,1664084694,1664128064,1664081940,1664128500,0.98,16.73,14.46,16.73,14.78,15.42,14.46,16.55,14.56,15.18,14.36,1011,80,13.22,2.7,272,4.31,502,Rain,heavy intensity rain,10d,98,0.98,5.0,20.67
254,31,Montauban,44.0175835,1.3549991,1664190000,1664171163,1664214352,1664172420,1664216100,0.0,17.19,12.95,18.79,13.08,14.96,13.13,16.79,12.64,14.52,13.01,1011,70,11.66,3.72,278,5.71,500,Rain,light rain,10d,91,1.0,5.0,5.88
255,31,Montauban,44.0175835,1.3549991,1664276400,1664257632,1664300640,1664263020,1664303700,0.05,14.34,10.6,16.66,10.84,12.51,10.6,14.21,10.07,11.88,10.14,1010,91,12.86,7.31,267,11.97,500,Rain,light rain,10d,54,0.91,5.0,3.04
256,32,Biarritz,43.471143749999996,-1.552726590666314,1663671600,1663653058,1663697314,1663631160,1663689480,0.83,18.21,13.64,19.13,15.59,18.45,13.64,17.86,14.93,17.66,13.12,1022,68,12.21,4.01,226,4.99,800,Clear,clear sky,01d,0,0.0,5.15,
257,32,Biarritz,43.471143749999996,-1.552726590666314,1663758000,1663739524,1663783604,1663721220,1663777920,0.86,18.77,13.99,19.14,15.39,18.18,14.47,18.01,14.76,17.49,14.04,1020,50,8.02,4.08,228,5.01,800,Clear,clear sky,01d,4,0.0,4.94,
258,32,Biarritz,43.471143749999996,-1.552726590666314,1663844400,1663825991,1663869893,1663811460,1663866060,0.89,20.48,13.6,20.88,16.83,20.0,13.62,19.94,16.45,19.7,12.89,1018,52,9.86,3.77,220,4.59,803,Clouds,broken clouds,04d,61,0.0,4.95,
259,32,Biarritz,43.471143749999996,-1.552726590666314,1663930800,1663912457,1663956183,1663901820,1663953900,0.92,18.33,16.15,19.59,16.33,17.63,16.28,18.39,16.19,17.59,15.92,1017,83,15.36,2.4,292,3.45,500,Rain,light rain,10d,100,0.78,3.89,4.42
260,32,Biarritz,43.471143749999996,-1.552726590666314,1664017200,1663998924,1664042472,1663992240,1664041620,0.95,18.04,15.62,18.38,16.03,17.36,15.9,17.86,15.78,17.11,15.66,1015,75,13.58,2.97,342,3.0,500,Rain,light rain,10d,100,0.49,4.13,1.02
261,32,Biarritz,43.471143749999996,-1.552726590666314,1664103600,1664085391,1664128762,1664082660,1664129220,0.98,16.35,14.92,17.93,14.92,15.86,15.26,16.05,14.61,15.43,14.77,1012,77,12.35,3.93,296,5.93,501,Rain,moderate rain,10d,89,0.89,5.0,9.76
262,32,Biarritz,43.471143749999996,-1.552726590666314,1664190000,1664171858,1664215052,1664173140,1664216820,0.0,17.37,13.6,18.13,15.55,15.83,13.6,17.02,15.14,15.45,13.42,1012,71,12.12,4.59,296,5.16,501,Rain,moderate rain,10d,77,0.89,5.0,13.0
263,32,Biarritz,43.471143749999996,-1.552726590666314,1664276400,1664258325,1664301342,1664263740,1664304480,0.05,16.9,14.52,17.56,14.95,14.78,15.3,16.66,14.35,14.3,15.0,1013,77,12.87,7.36,260,11.87,500,Rain,light rain,10d,79,0.98,5.0,7.52
264,33,Bayonne,43.4945144,-1.4736657,1663671600,1663653038,1663697296,1663631160,1663689480,0.83,18.71,12.84,19.85,15.41,18.94,12.84,18.39,14.76,18.17,12.35,1022,67,12.46,3.67,320,4.9,800,Clear,clear sky,01d,0,0.0,5.15,
265,33,Bayonne,43.4945144,-1.4736657,1663758000,1663739505,1663783585,1663721160,1663777920,0.86,19.67,13.5,19.84,15.18,18.59,14.06,18.95,14.58,17.94,13.64,1020,48,7.84,3.86,307,5.2,800,Clear,clear sky,01d,4,0.0,5.0,
266,33,Bayonne,43.4945144,-1.4736657,1663844400,1663825971,1663869874,1663811460,1663866000,0.89,21.37,13.05,21.67,16.5,20.63,13.1,20.84,16.16,20.34,12.37,1018,49,9.74,3.5,220,4.82,803,Clouds,broken clouds,04d,64,0.0,4.95,
267,33,Bayonne,43.4945144,-1.4736657,1663930800,1663912438,1663956164,1663901820,1663953900,0.92,18.53,15.85,20.03,16.09,17.74,15.97,18.66,16.03,17.76,15.63,1017,85,15.83,2.37,296,3.58,500,Rain,light rain,10d,100,0.81,3.9,4.72
268,33,Bayonne,43.4945144,-1.4736657,1664017200,1663998905,1664042453,1663992240,1664041620,0.95,18.45,15.48,18.95,16.29,17.65,15.94,18.31,16.06,17.43,15.76,1015,75,13.79,2.91,340,3.27,500,Rain,light rain,10d,100,0.5,4.02,0.8
269,33,Bayonne,43.4945144,-1.4736657,1664103600,1664085372,1664128743,1664082660,1664129160,0.98,16.56,14.99,18.47,14.99,16.09,15.24,16.33,14.76,15.69,14.83,1012,79,12.69,3.51,296,5.82,501,Rain,moderate rain,10d,92,0.89,5.0,9.07
270,33,Bayonne,43.4945144,-1.4736657,1664190000,1664171839,1664215033,1664173140,1664216760,0.0,17.69,13.56,18.82,15.21,15.9,13.56,17.42,14.82,15.56,13.45,1012,73,12.57,4.61,295,5.1,501,Rain,moderate rain,10d,84,0.91,5.0,12.29
271,33,Bayonne,43.4945144,-1.4736657,1664276400,1664258307,1664301323,1664263740,1664304480,0.05,17.02,14.46,17.85,15.0,14.83,15.41,16.84,14.46,14.38,15.17,1013,79,13.15,7.04,260,11.79,500,Rain,light rain,10d,84,1.0,5.0,7.42
272,34,La Rochelle,46.1591126,-1.1520434,1663671600,1663652923,1663697256,1663630320,1663690080,0.83,17.38,12.0,21.44,16.68,21.04,12.0,16.45,15.84,20.24,11.06,1024,49,6.57,7.32,45,12.2,800,Clear,clear sky,01d,0,0.0,4.71,
273,34,La Rochelle,46.1591126,-1.1520434,1663758000,1663739398,1663783537,1663720440,1663778400,0.86,19.75,12.5,22.3,16.74,21.72,12.8,18.85,15.8,21.04,12.07,1022,41,6.13,6.64,55,11.5,800,Clear,clear sky,01d,3,0.0,4.55,
274,34,La Rochelle,46.1591126,-1.1520434,1663844400,1663825874,1663869818,1663810800,1663866420,0.89,20.26,13.03,21.87,17.41,20.28,13.2,19.28,16.51,19.67,12.04,1019,36,4.44,6.22,311,10.08,802,Clouds,scattered clouds,03d,48,0.0,3.95,
275,34,La Rochelle,46.1591126,-1.1520434,1663930800,1663912349,1663956098,1663901280,1663954140,0.92,20.25,15.56,20.25,16.79,18.05,15.56,19.27,16.38,17.69,14.27,1016,36,4.08,4.98,322,6.16,804,Clouds,overcast clouds,04d,100,0.0,3.64,
276,34,La Rochelle,46.1591126,-1.1520434,1664017200,1663998825,1664042379,1663991880,1664041740,0.95,18.12,15.37,18.12,15.92,17.02,16.29,17.79,15.53,16.58,16.12,1015,69,12.12,5.55,300,6.48,500,Rain,light rain,10d,73,0.44,3.75,0.42
277,34,La Rochelle,46.1591126,-1.1520434,1664103600,1664085300,1664128660,1664082420,1664129160,0.98,18.78,11.77,19.2,16.59,18.22,11.77,18.1,16.08,17.74,11.35,1011,53,8.77,6.44,307,7.89,800,Clear,clear sky,01d,1,0.16,4.0,
278,34,La Rochelle,46.1591126,-1.1520434,1664190000,1664171776,1664214942,1664173020,1664216640,0.0,18.96,13.96,18.96,16.37,16.88,13.96,18.37,15.92,16.45,13.37,1010,56,9.76,6.81,277,8.52,801,Clouds,few clouds,02d,17,0.18,4.0,
279,34,La Rochelle,46.1591126,-1.1520434,1664276400,1664258252,1664301223,1664263800,1664304180,0.05,15.92,12.91,17.01,12.91,14.76,14.77,14.85,11.56,13.57,14.13,1011,49,5.28,10.14,269,14.11,500,Rain,light rain,10d,73,1.0,4.0,5.06
